<?xml version="1.0" encoding="UTF-8" standalone="yes"?>
<calcChain xmlns="http://schemas.openxmlformats.org/spreadsheetml/2006/main"><c r="D11" i="1" l="1"/><c r="E11" i="1"/><c r="F11" i="1"/><c r="G11" i="1"/><c r="H11" i="1"/><c r="I11" i="1"/><c r="J11" i="1"/><c r="K11" i="1"/><c r="L11" i="1"/><c r="M11" i="1"/><c r="N11" i="1"/><c r="D12" i="1"/><c r="E12" i="1"/><c r="F12" i="1"/><c r="G12" i="1"/><c r="H12" i="1"/><c r="I12" i="1"/><c r="J12" i="1"/><c r="K12" i="1"/><c r="L12" i="1"/><c r="M12" i="1"/><c r="N12" i="1"/><c r="D13" i="1"/><c r="E13" i="1"/><c r="F13" i="1"/><c r="G13" i="1"/><c r="H13" i="1"/><c r="I13" i="1"/><c r="J13" i="1"/><c r="K13" i="1"/><c r="L13" i="1"/><c r="M13" i="1"/><c r="N13" i="1"/><c r="D14" i="1"/><c r="E14" i="1"/><c r="F14" i="1"/><c r="G14" i="1"/><c r="H14" i="1"/><c r="I14" i="1"/><c r="J14" i="1"/><c r="K14" i="1"/><c r="L14" i="1"/><c r="M14" i="1"/><c r="N14" i="1"/><c r="D15" i="1"/><c r="E15" i="1"/><c r="F15" i="1"/><c r="G15" i="1"/><c r="H15" i="1"/><c r="I15" i="1"/><c r="J15" i="1"/><c r="K15" i="1"/><c r="L15" i="1"/><c r="M15" i="1"/><c r="N15" i="1"/><c r="D16" i="1"/><c r="E16" i="1"/><c r="F16" i="1"/><c r="G16" i="1"/><c r="H16" i="1"/><c r="I16" i="1"/><c r="J16" i="1"/><c r="K16" i="1"/><c r="L16" i="1"/><c r="M16" i="1"/><c r="N16" i="1"/><c r="D17" i="1"/><c r="E17" i="1"/><c r="F17" i="1"/><c r="G17" i="1"/><c r="H17" i="1"/><c r="I17" i="1"/><c r="J17" i="1"/><c r="K17" i="1"/><c r="L17" i="1"/><c r="M17" i="1"/><c r="N17" i="1"/><c r="D18" i="1"/><c r="E18" i="1"/><c r="F18" i="1"/><c r="G18" i="1"/><c r="H18" i="1"/><c r="I18" i="1"/><c r="J18" i="1"/><c r="K18" i="1"/><c r="L18" i="1"/><c r="M18" i="1"/><c r="N18" i="1"/><c r="D19" i="1"/><c r="E19" i="1"/><c r="F19" i="1"/><c r="G19" i="1"/><c r="H19" i="1"/><c r="I19" i="1"/><c r="J19" i="1"/><c r="K19" i="1"/><c r="L19" i="1"/><c r="M19" i="1"/><c r="N19" i="1"/><c r="D20" i="1"/><c r="E20" i="1"/><c r="F20" i="1"/><c r="G20" i="1"/><c r="H20" i="1"/><c r="I20" i="1"/><c r="J20" i="1"/><c r="K20" i="1"/><c r="L20" i="1"/><c r="M20" i="1"/><c r="N20" i="1"/><c r="D21" i="1"/><c r="E21" i="1"/><c r="F21" i="1"/><c r="G21" i="1"/><c r="H21" i="1"/><c r="I21" i="1"/><c r="J21" i="1"/><c r="K21" i="1"/><c r="L21" i="1"/><c r="M21" i="1"/><c r="N21" i="1"/><c r="D22" i="1"/><c r="E22" i="1"/><c r="F22" i="1"/><c r="G22" i="1"/><c r="H22" i="1"/><c r="I22" i="1"/><c r="J22" i="1"/><c r="K22" i="1"/><c r="L22" i="1"/><c r="M22" i="1"/><c r="N22" i="1"/><c r="D23" i="1"/><c r="E23" i="1"/><c r="F23" i="1"/><c r="G23" i="1"/><c r="H23" i="1"/><c r="I23" i="1"/><c r="J23" i="1"/><c r="K23" i="1"/><c r="L23" i="1"/><c r="M23" i="1"/><c r="N23" i="1"/><c r="D24" i="1"/><c r="E24" i="1"/><c r="F24" i="1"/><c r="G24" i="1"/><c r="H24" i="1"/><c r="I24" i="1"/><c r="J24" i="1"/><c r="K24" i="1"/><c r="L24" i="1"/><c r="M24" i="1"/><c r="N24" i="1"/><c r="D25" i="1"/><c r="E25" i="1"/><c r="F25" i="1"/><c r="G25" i="1"/><c r="H25" i="1"/><c r="I25" i="1"/><c r="J25" i="1"/><c r="K25" i="1"/><c r="L25" i="1"/><c r="M25" i="1"/><c r="N25" i="1"/><c r="D26" i="1"/><c r="E26" i="1"/><c r="F26" i="1"/><c r="G26" i="1"/><c r="H26" i="1"/><c r="I26" i="1"/><c r="J26" i="1"/><c r="K26" i="1"/><c r="L26" i="1"/><c r="M26" i="1"/><c r="N26" i="1"/><c r="D27" i="1"/><c r="E27" i="1"/><c r="F27" i="1"/><c r="G27" i="1"/><c r="H27" i="1"/><c r="I27" i="1"/><c r="J27" i="1"/><c r="K27" i="1"/><c r="L27" i="1"/><c r="M27" i="1"/><c r="N27" i="1"/><c r="D28" i="1"/><c r="E28" i="1"/><c r="F28" i="1"/><c r="G28" i="1"/><c r="H28" i="1"/><c r="I28" i="1"/><c r="J28" i="1"/><c r="K28" i="1"/><c r="L28" i="1"/><c r="M28" i="1"/><c r="N28" i="1"/><c r="D29" i="1"/><c r="E29" i="1"/><c r="F29" i="1"/><c r="G29" i="1"/><c r="H29" i="1"/><c r="I29" i="1"/><c r="J29" i="1"/><c r="K29" i="1"/><c r="L29" i="1"/><c r="M29" i="1"/><c r="N29" i="1"/><c r="D30" i="1"/><c r="E30" i="1"/><c r="F30" i="1"/><c r="G30" i="1"/><c r="H30" i="1"/><c r="I30" i="1"/><c r="J30" i="1"/><c r="K30" i="1"/><c r="L30" i="1"/><c r="M30" i="1"/><c r="N30" i="1"/><c r="D31" i="1"/><c r="E31" i="1"/><c r="F31" i="1"/><c r="G31" i="1"/><c r="H31" i="1"/><c r="I31" i="1"/><c r="J31" i="1"/><c r="K31" i="1"/><c r="L31" i="1"/><c r="M31" i="1"/><c r="N31" i="1"/><c r="D32" i="1"/><c r="E32" i="1"/><c r="F32" i="1"/><c r="G32" i="1"/><c r="H32" i="1"/><c r="I32" i="1"/><c r="J32" i="1"/><c r="K32" i="1"/><c r="L32" i="1"/><c r="M32" i="1"/><c r="N32" i="1"/><c r="D33" i="1"/><c r="E33" i="1"/><c r="F33" i="1"/><c r="G33" i="1"/><c r="H33" i="1"/><c r="I33" i="1"/><c r="J33" i="1"/><c r="K33" i="1"/><c r="L33" i="1"/><c r="M33" i="1"/><c r="N33" i="1"/><c r="D34" i="1"/><c r="E34" i="1"/><c r="F34" i="1"/><c r="G34" i="1"/><c r="H34" i="1"/><c r="I34" i="1"/><c r="J34" i="1"/><c r="K34" i="1"/><c r="L34" i="1"/><c r="M34" i="1"/><c r="N34" i="1"/><c r="D35" i="1"/><c r="E35" i="1"/><c r="F35" i="1"/><c r="G35" i="1"/><c r="H35" i="1"/><c r="I35" i="1"/><c r="J35" i="1"/><c r="K35" i="1"/><c r="L35" i="1"/><c r="M35" i="1"/><c r="N35" i="1"/><c r="D36" i="1"/><c r="E36" i="1"/><c r="F36" i="1"/><c r="G36" i="1"/><c r="H36" i="1"/><c r="I36" i="1"/><c r="J36" i="1"/><c r="K36" i="1"/><c r="L36" i="1"/><c r="M36" i="1"/><c r="N36" i="1"/><c r="D37" i="1"/><c r="E37" i="1"/><c r="F37" i="1"/><c r="G37" i="1"/><c r="H37" i="1"/><c r="I37" i="1"/><c r="J37" i="1"/><c r="K37" i="1"/><c r="L37" i="1"/><c r="M37" i="1"/><c r="N37" i="1"/><c r="D38" i="1"/><c r="E38" i="1"/><c r="F38" i="1"/><c r="G38" i="1"/><c r="H38" i="1"/><c r="I38" i="1"/><c r="J38" i="1"/><c r="K38" i="1"/><c r="L38" i="1"/><c r="M38" i="1"/><c r="N38" i="1"/><c r="D39" i="1"/><c r="E39" i="1"/><c r="F39" i="1"/><c r="G39" i="1"/><c r="H39" i="1"/><c r="I39" i="1"/><c r="J39" i="1"/><c r="K39" i="1"/><c r="L39" i="1"/><c r="M39" i="1"/><c r="N39" i="1"/><c r="D40" i="1"/><c r="E40" i="1"/><c r="F40" i="1"/><c r="G40" i="1"/><c r="H40" i="1"/><c r="I40" i="1"/><c r="J40" i="1"/><c r="K40" i="1"/><c r="L40" i="1"/><c r="M40" i="1"/><c r="N40" i="1"/><c r="D41" i="1"/><c r="E41" i="1"/><c r="F41" i="1"/><c r="G41" i="1"/><c r="H41" i="1"/><c r="I41" i="1"/><c r="J41" i="1"/><c r="K41" i="1"/><c r="L41" i="1"/><c r="M41" i="1"/><c r="N41" i="1"/><c r="D42" i="1"/><c r="E42" i="1"/><c r="F42" i="1"/><c r="G42" i="1"/><c r="H42" i="1"/><c r="I42" i="1"/><c r="J42" i="1"/><c r="K42" i="1"/><c r="L42" i="1"/><c r="M42" i="1"/><c r="N42" i="1"/><c r="C11" i="1"/><c r="C12" i="1"/><c r="C13" i="1"/><c r="C14" i="1"/><c r="C15" i="1"/><c r="C16" i="1"/><c r="C17" i="1"/><c r="C18" i="1"/><c r="C19" i="1"/><c r="C20" i="1"/><c r="C21" i="1"/><c r="C22" i="1"/><c r="C23" i="1"/><c r="C24" i="1"/><c r="C25" i="1"/><c r="C26" i="1"/><c r="C27" i="1"/><c r="C28" i="1"/><c r="C29" i="1"/><c r="C30" i="1"/><c r="C31" i="1"/><c r="C32" i="1"/><c r="C33" i="1"/><c r="C34" i="1"/><c r="C35" i="1"/><c r="C36" i="1"/><c r="C37" i="1"/><c r="C38" i="1"/><c r="C39" i="1"/><c r="C40" i="1"/><c r="C41" i="1"/><c r="C42" i="1"/><c r="B13" i="1"/><c r="B14" i="1" s="1"/><c r="B15" i="1" s="1"/><c r="B16" i="1" s="1"/><c r="B17" i="1" s="1"/><c r="B18" i="1" s="1"/><c r="B19" i="1" s="1"/><c r="B20" i="1" s="1"/><c r="B21" i="1" s="1"/><c r="B22" i="1" s="1"/><c r="B23" i="1" s="1"/><c r="B24" i="1" s="1"/><c r="B25" i="1" s="1"/><c r="B26" i="1" s="1"/><c r="B27" i="1" s="1"/><c r="B28" i="1" s="1"/><c r="B29" i="1" s="1"/><c r="B30" i="1" s="1"/><c r="B31" i="1" s="1"/><c r="B32" i="1" s="1"/><c r="B33" i="1" s="1"/><c r="B34" i="1" s="1"/><c r="B35" i="1" s="1"/><c r="B36" i="1" s="1"/><c r="B37" i="1" s="1"/><c r="B38" i="1" s="1"/><c r="B39" i="1" s="1"/><c r="B40" i="1" s="1"/><c r="B41" i="1" s="1"/><c r="B42" i="1" s="1"/><c r="B12" i="1"/></calcChain>