<?xml version="1.0" encoding="UTF-8" standalone="yes"?>
<sst xmlns="http://schemas.openxmlformats.org/spreadsheetml/2006/main" count="16" uniqueCount="16"><si><t>SPDGTitle</t></si><si><t>SPDGAuthor</t></si><si><t>SPDGDate</t></si><si><t>SPDGIdentity</t></si><si><t>Jan</t></si><si><t>Feb</t></si><si><t>Mar</t></si><si><t>Apr</t></si><si><t xml:space="preserve">May </t></si><si><t>Jun</t></si><si><t>Jul</t></si><si><t>Aug</t></si><si><t>Sep</t></si><si><t>Oct</t></si><si><t xml:space="preserve">Nov </t></si><si><t>Dec</t></si></sst>