<?xml version="1.0" encoding="UTF-8" standalone="yes"?>
<w:document xmlns:wpc="http://schemas.microsoft.com/office/word/2010/wordprocessingCanvas" xmlns:mc="http://schemas.openxmlformats.org/markup-compatibility/2006" xmlns:o="urn:schemas-microsoft-com:office:office" xmlns:r="http://schemas.openxmlformats.org/officeDocument/2006/relationships" xmlns:m="http://schemas.openxmlformats.org/officeDocument/2006/math" xmlns:v="urn:schemas-microsoft-com:vml" xmlns:wp14="http://schemas.microsoft.com/office/word/2010/wordprocessingDrawing" xmlns:wp="http://schemas.openxmlformats.org/drawingml/2006/wordprocessingDrawing" xmlns:w10="urn:schemas-microsoft-com:office:word" xmlns:w="http://schemas.openxmlformats.org/wordprocessingml/2006/main" xmlns:w14="http://schemas.microsoft.com/office/word/2010/wordml" xmlns:w15="http://schemas.microsoft.com/office/word/2012/wordml" xmlns:wpg="http://schemas.microsoft.com/office/word/2010/wordprocessingGroup" xmlns:wpi="http://schemas.microsoft.com/office/word/2010/wordprocessingInk" xmlns:wne="http://schemas.microsoft.com/office/word/2006/wordml" xmlns:wps="http://schemas.microsoft.com/office/word/2010/wordprocessingShape" mc:Ignorable="w14 w15 wp14"><w:body><w:p w:rsidR="00FB7443" w:rsidRDefault="00FD012C" w:rsidP="00FB7443"><w:pPr><w:pStyle w:val="Heading1"/></w:pPr><w:r><w:t>SPDGTitle</w:t></w:r><w:bookmarkStart w:id="0" w:name="_GoBack"/><w:bookmarkEnd w:id="0"/></w:p><w:p w:rsidR="00FB7443" w:rsidRPr="00FB7443" w:rsidRDefault="00FB7443" w:rsidP="00FB7443"/><w:p w:rsidR="00447799" w:rsidRDefault="00FD012C"><w:r><w:t>SPDGUser</w:t></w:r></w:p><w:p w:rsidR="000B3726" w:rsidRDefault="000B3726"><w:r><w:t>SPDGDate</w:t></w:r></w:p><w:p w:rsidR="006115F2" w:rsidRDefault="00FD012C"><w:r><w:t>SPDGIdentity</w:t></w:r></w:p><w:p w:rsidR="006115F2" w:rsidRDefault="00FD012C"><w:r><w:t>SPDGLoreIpsum</w:t></w:r></w:p><w:sectPr w:rsidR="006115F2"><w:pgSz w:w="11906" w:h="16838"/><w:pgMar w:top="1417" w:right="1417" w:bottom="1417" w:left="1417" w:header="708" w:footer="708" w:gutter="0"/><w:cols w:space="708"/><w:docGrid w:linePitch="360"/></w:sectPr></w:body></w:document>