<?xml version="1.0" encoding="UTF-8" standalone="yes"?>
<worksheet xmlns="http://schemas.openxmlformats.org/spreadsheetml/2006/main" xmlns:r="http://schemas.openxmlformats.org/officeDocument/2006/relationships" xmlns:mc="http://schemas.openxmlformats.org/markup-compatibility/2006" mc:Ignorable="x14ac" xmlns:x14ac="http://schemas.microsoft.com/office/spreadsheetml/2009/9/ac"><dimension ref="B2:N42"/><sheetViews><sheetView tabSelected="1" workbookViewId="0"><selection activeCell="H5" sqref="H5"/></sheetView></sheetViews><sheetFormatPr defaultRowHeight="15" x14ac:dyDescent="0.25"/><cols><col min="1" max="1" width="4" customWidth="1"/><col min="2" max="2" width="9.140625" style="2"/><col min="3" max="14" width="15.7109375" customWidth="1"/></cols><sheetData><row r="2" spans="2:14" x14ac:dyDescent="0.25"><c r="B2" s="4" t="s"><v>0</v></c><c r="C2" s="4"/><c r="D2" s="4"/><c r="E2" s="4"/><c r="F2" s="4"/></row><row r="4" spans="2:14" x14ac:dyDescent="0.25"><c r="B4" s="4" t="s"><v>1</v></c><c r="C4" s="4"/><c r="D4" s="4"/><c r="E4" s="4"/><c r="F4" s="4"/></row><row r="6" spans="2:14" x14ac:dyDescent="0.25"><c r="B6" s="4" t="s"><v>2</v></c><c r="C6" s="4"/><c r="D6" s="4"/><c r="E6" s="4"/><c r="F6" s="4"/></row><row r="8" spans="2:14" x14ac:dyDescent="0.25"><c r="B8" s="5" t="s"><v>3</v></c><c r="C8" s="5"/><c r="D8" s="5"/><c r="E8" s="5"/><c r="F8" s="5"/></row><row r="10" spans="2:14" s="2" customFormat="1" x14ac:dyDescent="0.25"><c r="B10" s="3"/><c r="C10" s="3" t="s"><v>4</v></c><c r="D10" s="3" t="s"><v>5</v></c><c r="E10" s="3" t="s"><v>6</v></c><c r="F10" s="3" t="s"><v>7</v></c><c r="G10" s="3" t="s"><v>8</v></c><c r="H10" s="3" t="s"><v>9</v></c><c r="I10" s="3" t="s"><v>10</v></c><c r="J10" s="3" t="s"><v>11</v></c><c r="K10" s="3" t="s"><v>12</v></c><c r="L10" s="3" t="s"><v>13</v></c><c r="M10" s="3" t="s"><v>14</v></c><c r="N10" s="3" t="s"><v>15</v></c></row><row r="11" spans="2:14" x14ac:dyDescent="0.25"><c r="B11" s="3"><v>2015</v></c><c r="C11" s="1"><f ca="1">RANDBETWEEN(1000000.01,10000000.06)</f><v>9033925</v></c><c r="D11" s="1"><f t="shared" ref="D11:N11" ca="1" si="0">RANDBETWEEN(1000000.01,10000000.06)</f><v>2519181</v></c><c r="E11" s="1"><f t="shared" ca="1" si="0"/><v>7394352</v></c><c r="F11" s="1"><f t="shared" ca="1" si="0"/><v>2580538</v></c><c r="G11" s="1"><f t="shared" ca="1" si="0"/><v>7176940</v></c><c r="H11" s="1"><f t="shared" ca="1" si="0"/><v>4600708</v></c><c r="I11" s="1"><f t="shared" ca="1" si="0"/><v>8220744</v></c><c r="J11" s="1"><f t="shared" ca="1" si="0"/><v>9264902</v></c><c r="K11" s="1"><f t="shared" ca="1" si="0"/><v>6455481</v></c><c r="L11" s="1"><f t="shared" ca="1" si="0"/><v>8222847</v></c><c r="M11" s="1"><f t="shared" ca="1" si="0"/><v>3203809</v></c><c r="N11" s="1"><f t="shared" ca="1" si="0"/><v>9117154</v></c></row><row r="12" spans="2:14" x14ac:dyDescent="0.25"><c r="B12" s="3"><f>B11-1</f><v>2014</v></c><c r="C12" s="1"><f t="shared" ref="C12:N42" ca="1" si="1">RANDBETWEEN(1000000,10000000)</f><v>2483581</v></c><c r="D12" s="1"><f t="shared" ca="1" si="1"/><v>4270469</v></c><c r="E12" s="1"><f t="shared" ca="1" si="1"/><v>7254323</v></c><c r="F12" s="1"><f t="shared" ca="1" si="1"/><v>9225435</v></c><c r="G12" s="1"><f t="shared" ca="1" si="1"/><v>2756814</v></c><c r="H12" s="1"><f t="shared" ca="1" si="1"/><v>8335573</v></c><c r="I12" s="1"><f t="shared" ca="1" si="1"/><v>8611356</v></c><c r="J12" s="1"><f t="shared" ca="1" si="1"/><v>1056852</v></c><c r="K12" s="1"><f t="shared" ca="1" si="1"/><v>1801100</v></c><c r="L12" s="1"><f t="shared" ca="1" si="1"/><v>7500412</v></c><c r="M12" s="1"><f t="shared" ca="1" si="1"/><v>2722589</v></c><c r="N12" s="1"><f t="shared" ca="1" si="1"/><v>8725412</v></c></row><row r="13" spans="2:14" x14ac:dyDescent="0.25"><c r="B13" s="3"><f t="shared" ref="B13:B42" si="2">B12-1</f><v>2013</v></c><c r="C13" s="1"><f t="shared" ca="1" si="1"/><v>5250930</v></c><c r="D13" s="1"><f t="shared" ca="1" si="1"/><v>5317614</v></c><c r="E13" s="1"><f t="shared" ca="1" si="1"/><v>6193876</v></c><c r="F13" s="1"><f t="shared" ca="1" si="1"/><v>8950550</v></c><c r="G13" s="1"><f t="shared" ca="1" si="1"/><v>1735222</v></c><c r="H13" s="1"><f t="shared" ca="1" si="1"/><v>1172388</v></c><c r="I13" s="1"><f t="shared" ca="1" si="1"/><v>5917169</v></c><c r="J13" s="1"><f t="shared" ca="1" si="1"/><v>4693811</v></c><c r="K13" s="1"><f t="shared" ca="1" si="1"/><v>8741413</v></c><c r="L13" s="1"><f t="shared" ca="1" si="1"/><v>7448645</v></c><c r="M13" s="1"><f t="shared" ca="1" si="1"/><v>8664044</v></c><c r="N13" s="1"><f t="shared" ca="1" si="1"/><v>9829615</v></c></row><row r="14" spans="2:14" x14ac:dyDescent="0.25"><c r="B14" s="3"><f t="shared" si="2"/><v>2012</v></c><c r="C14" s="1"><f t="shared" ca="1" si="1"/><v>2492224</v></c><c r="D14" s="1"><f t="shared" ca="1" si="1"/><v>5281159</v></c><c r="E14" s="1"><f t="shared" ca="1" si="1"/><v>2033046</v></c><c r="F14" s="1"><f t="shared" ca="1" si="1"/><v>2395754</v></c><c r="G14" s="1"><f t="shared" ca="1" si="1"/><v>5885875</v></c><c r="H14" s="1"><f t="shared" ca="1" si="1"/><v>3860739</v></c><c r="I14" s="1"><f t="shared" ca="1" si="1"/><v>9692710</v></c><c r="J14" s="1"><f t="shared" ca="1" si="1"/><v>3397737</v></c><c r="K14" s="1"><f t="shared" ca="1" si="1"/><v>4078519</v></c><c r="L14" s="1"><f t="shared" ca="1" si="1"/><v>3442316</v></c><c r="M14" s="1"><f t="shared" ca="1" si="1"/><v>9753177</v></c><c r="N14" s="1"><f t="shared" ca="1" si="1"/><v>6536066</v></c></row><row r="15" spans="2:14" x14ac:dyDescent="0.25"><c r="B15" s="3"><f t="shared" si="2"/><v>2011</v></c><c r="C15" s="1"><f t="shared" ca="1" si="1"/><v>6406865</v></c><c r="D15" s="1"><f t="shared" ca="1" si="1"/><v>9121245</v></c><c r="E15" s="1"><f t="shared" ca="1" si="1"/><v>4730624</v></c><c r="F15" s="1"><f t="shared" ca="1" si="1"/><v>7569303</v></c><c r="G15" s="1"><f t="shared" ca="1" si="1"/><v>6918208</v></c><c r="H15" s="1"><f t="shared" ca="1" si="1"/><v>3220587</v></c><c r="I15" s="1"><f t="shared" ca="1" si="1"/><v>1183451</v></c><c r="J15" s="1"><f t="shared" ca="1" si="1"/><v>4927143</v></c><c r="K15" s="1"><f t="shared" ca="1" si="1"/><v>8480826</v></c><c r="L15" s="1"><f t="shared" ca="1" si="1"/><v>5547689</v></c><c r="M15" s="1"><f t="shared" ca="1" si="1"/><v>7113727</v></c><c r="N15" s="1"><f t="shared" ca="1" si="1"/><v>1455575</v></c></row><row r="16" spans="2:14" x14ac:dyDescent="0.25"><c r="B16" s="3"><f t="shared" si="2"/><v>2010</v></c><c r="C16" s="1"><f t="shared" ca="1" si="1"/><v>5307323</v></c><c r="D16" s="1"><f t="shared" ca="1" si="1"/><v>2316583</v></c><c r="E16" s="1"><f t="shared" ca="1" si="1"/><v>9869346</v></c><c r="F16" s="1"><f t="shared" ca="1" si="1"/><v>6354659</v></c><c r="G16" s="1"><f t="shared" ca="1" si="1"/><v>6012596</v></c><c r="H16" s="1"><f t="shared" ca="1" si="1"/><v>2824579</v></c><c r="I16" s="1"><f t="shared" ca="1" si="1"/><v>4538305</v></c><c r="J16" s="1"><f t="shared" ca="1" si="1"/><v>7956500</v></c><c r="K16" s="1"><f t="shared" ca="1" si="1"/><v>5697601</v></c><c r="L16" s="1"><f t="shared" ca="1" si="1"/><v>6681537</v></c><c r="M16" s="1"><f t="shared" ca="1" si="1"/><v>8885180</v></c><c r="N16" s="1"><f t="shared" ca="1" si="1"/><v>3373357</v></c></row><row r="17" spans="2:14" x14ac:dyDescent="0.25"><c r="B17" s="3"><f t="shared" si="2"/><v>2009</v></c><c r="C17" s="1"><f t="shared" ca="1" si="1"/><v>5366679</v></c><c r="D17" s="1"><f t="shared" ca="1" si="1"/><v>7535896</v></c><c r="E17" s="1"><f t="shared" ca="1" si="1"/><v>9471319</v></c><c r="F17" s="1"><f t="shared" ca="1" si="1"/><v>1763982</v></c><c r="G17" s="1"><f t="shared" ca="1" si="1"/><v>8658135</v></c><c r="H17" s="1"><f t="shared" ca="1" si="1"/><v>3749190</v></c><c r="I17" s="1"><f t="shared" ca="1" si="1"/><v>4990289</v></c><c r="J17" s="1"><f t="shared" ca="1" si="1"/><v>1421214</v></c><c r="K17" s="1"><f t="shared" ca="1" si="1"/><v>6095640</v></c><c r="L17" s="1"><f t="shared" ca="1" si="1"/><v>1853927</v></c><c r="M17" s="1"><f t="shared" ca="1" si="1"/><v>2018515</v></c><c r="N17" s="1"><f t="shared" ca="1" si="1"/><v>3998322</v></c></row><row r="18" spans="2:14" x14ac:dyDescent="0.25"><c r="B18" s="3"><f t="shared" si="2"/><v>2008</v></c><c r="C18" s="1"><f t="shared" ca="1" si="1"/><v>5905645</v></c><c r="D18" s="1"><f t="shared" ca="1" si="1"/><v>8575886</v></c><c r="E18" s="1"><f t="shared" ca="1" si="1"/><v>2699901</v></c><c r="F18" s="1"><f t="shared" ca="1" si="1"/><v>4019090</v></c><c r="G18" s="1"><f t="shared" ca="1" si="1"/><v>5306077</v></c><c r="H18" s="1"><f t="shared" ca="1" si="1"/><v>2701103</v></c><c r="I18" s="1"><f t="shared" ca="1" si="1"/><v>1676668</v></c><c r="J18" s="1"><f t="shared" ca="1" si="1"/><v>3133537</v></c><c r="K18" s="1"><f t="shared" ca="1" si="1"/><v>3729140</v></c><c r="L18" s="1"><f t="shared" ca="1" si="1"/><v>4689352</v></c><c r="M18" s="1"><f t="shared" ca="1" si="1"/><v>8951125</v></c><c r="N18" s="1"><f t="shared" ca="1" si="1"/><v>7210953</v></c></row><row r="19" spans="2:14" x14ac:dyDescent="0.25"><c r="B19" s="3"><f t="shared" si="2"/><v>2007</v></c><c r="C19" s="1"><f t="shared" ca="1" si="1"/><v>4575965</v></c><c r="D19" s="1"><f t="shared" ca="1" si="1"/><v>8263092</v></c><c r="E19" s="1"><f t="shared" ca="1" si="1"/><v>2992920</v></c><c r="F19" s="1"><f t="shared" ca="1" si="1"/><v>5636095</v></c><c r="G19" s="1"><f t="shared" ca="1" si="1"/><v>9856065</v></c><c r="H19" s="1"><f t="shared" ca="1" si="1"/><v>2696536</v></c><c r="I19" s="1"><f t="shared" ca="1" si="1"/><v>7351276</v></c><c r="J19" s="1"><f t="shared" ca="1" si="1"/><v>5040432</v></c><c r="K19" s="1"><f t="shared" ca="1" si="1"/><v>5212706</v></c><c r="L19" s="1"><f t="shared" ca="1" si="1"/><v>7744501</v></c><c r="M19" s="1"><f t="shared" ca="1" si="1"/><v>4390416</v></c><c r="N19" s="1"><f t="shared" ca="1" si="1"/><v>8334313</v></c></row><row r="20" spans="2:14" x14ac:dyDescent="0.25"><c r="B20" s="3"><f t="shared" si="2"/><v>2006</v></c><c r="C20" s="1"><f t="shared" ca="1" si="1"/><v>9725023</v></c><c r="D20" s="1"><f t="shared" ca="1" si="1"/><v>5217253</v></c><c r="E20" s="1"><f t="shared" ca="1" si="1"/><v>7042895</v></c><c r="F20" s="1"><f t="shared" ca="1" si="1"/><v>6942272</v></c><c r="G20" s="1"><f t="shared" ca="1" si="1"/><v>4067739</v></c><c r="H20" s="1"><f t="shared" ca="1" si="1"/><v>1010017</v></c><c r="I20" s="1"><f t="shared" ca="1" si="1"/><v>9536410</v></c><c r="J20" s="1"><f t="shared" ca="1" si="1"/><v>3538753</v></c><c r="K20" s="1"><f t="shared" ca="1" si="1"/><v>6467511</v></c><c r="L20" s="1"><f t="shared" ca="1" si="1"/><v>7467646</v></c><c r="M20" s="1"><f t="shared" ca="1" si="1"/><v>8839667</v></c><c r="N20" s="1"><f t="shared" ca="1" si="1"/><v>4599259</v></c></row><row r="21" spans="2:14" x14ac:dyDescent="0.25"><c r="B21" s="3"><f t="shared" si="2"/><v>2005</v></c><c r="C21" s="1"><f t="shared" ca="1" si="1"/><v>6760835</v></c><c r="D21" s="1"><f t="shared" ca="1" si="1"/><v>9717789</v></c><c r="E21" s="1"><f t="shared" ca="1" si="1"/><v>8299764</v></c><c r="F21" s="1"><f t="shared" ca="1" si="1"/><v>6097423</v></c><c r="G21" s="1"><f t="shared" ca="1" si="1"/><v>9136972</v></c><c r="H21" s="1"><f t="shared" ca="1" si="1"/><v>6293931</v></c><c r="I21" s="1"><f t="shared" ca="1" si="1"/><v>8861392</v></c><c r="J21" s="1"><f t="shared" ca="1" si="1"/><v>7676148</v></c><c r="K21" s="1"><f t="shared" ca="1" si="1"/><v>6728925</v></c><c r="L21" s="1"><f t="shared" ca="1" si="1"/><v>2545612</v></c><c r="M21" s="1"><f t="shared" ca="1" si="1"/><v>9009579</v></c><c r="N21" s="1"><f t="shared" ca="1" si="1"/><v>8685523</v></c></row><row r="22" spans="2:14" x14ac:dyDescent="0.25"><c r="B22" s="3"><f t="shared" si="2"/><v>2004</v></c><c r="C22" s="1"><f t="shared" ca="1" si="1"/><v>6248265</v></c><c r="D22" s="1"><f t="shared" ca="1" si="1"/><v>8324753</v></c><c r="E22" s="1"><f t="shared" ca="1" si="1"/><v>7793669</v></c><c r="F22" s="1"><f t="shared" ca="1" si="1"/><v>3960586</v></c><c r="G22" s="1"><f t="shared" ca="1" si="1"/><v>9573431</v></c><c r="H22" s="1"><f t="shared" ca="1" si="1"/><v>7151055</v></c><c r="I22" s="1"><f t="shared" ca="1" si="1"/><v>4230802</v></c><c r="J22" s="1"><f t="shared" ca="1" si="1"/><v>9878547</v></c><c r="K22" s="1"><f t="shared" ca="1" si="1"/><v>7216650</v></c><c r="L22" s="1"><f t="shared" ca="1" si="1"/><v>9736925</v></c><c r="M22" s="1"><f t="shared" ca="1" si="1"/><v>8956412</v></c><c r="N22" s="1"><f t="shared" ca="1" si="1"/><v>6251797</v></c></row><row r="23" spans="2:14" x14ac:dyDescent="0.25"><c r="B23" s="3"><f t="shared" si="2"/><v>2003</v></c><c r="C23" s="1"><f t="shared" ca="1" si="1"/><v>7410579</v></c><c r="D23" s="1"><f t="shared" ca="1" si="1"/><v>6258706</v></c><c r="E23" s="1"><f t="shared" ca="1" si="1"/><v>5028863</v></c><c r="F23" s="1"><f t="shared" ca="1" si="1"/><v>8630596</v></c><c r="G23" s="1"><f t="shared" ca="1" si="1"/><v>1202731</v></c><c r="H23" s="1"><f t="shared" ca="1" si="1"/><v>2997136</v></c><c r="I23" s="1"><f t="shared" ca="1" si="1"/><v>8131664</v></c><c r="J23" s="1"><f t="shared" ca="1" si="1"/><v>7440484</v></c><c r="K23" s="1"><f t="shared" ca="1" si="1"/><v>7521892</v></c><c r="L23" s="1"><f t="shared" ca="1" si="1"/><v>9563737</v></c><c r="M23" s="1"><f t="shared" ca="1" si="1"/><v>4613544</v></c><c r="N23" s="1"><f t="shared" ca="1" si="1"/><v>9979987</v></c></row><row r="24" spans="2:14" x14ac:dyDescent="0.25"><c r="B24" s="3"><f t="shared" si="2"/><v>2002</v></c><c r="C24" s="1"><f t="shared" ca="1" si="1"/><v>6789737</v></c><c r="D24" s="1"><f t="shared" ca="1" si="1"/><v>5467176</v></c><c r="E24" s="1"><f t="shared" ca="1" si="1"/><v>5970714</v></c><c r="F24" s="1"><f t="shared" ca="1" si="1"/><v>2967779</v></c><c r="G24" s="1"><f t="shared" ca="1" si="1"/><v>1718957</v></c><c r="H24" s="1"><f t="shared" ca="1" si="1"/><v>6737278</v></c><c r="I24" s="1"><f t="shared" ca="1" si="1"/><v>6674816</v></c><c r="J24" s="1"><f t="shared" ca="1" si="1"/><v>7393149</v></c><c r="K24" s="1"><f t="shared" ca="1" si="1"/><v>3709555</v></c><c r="L24" s="1"><f t="shared" ca="1" si="1"/><v>1079178</v></c><c r="M24" s="1"><f t="shared" ca="1" si="1"/><v>7694091</v></c><c r="N24" s="1"><f t="shared" ca="1" si="1"/><v>8753521</v></c></row><row r="25" spans="2:14" x14ac:dyDescent="0.25"><c r="B25" s="3"><f t="shared" si="2"/><v>2001</v></c><c r="C25" s="1"><f t="shared" ca="1" si="1"/><v>4929231</v></c><c r="D25" s="1"><f t="shared" ca="1" si="1"/><v>6196879</v></c><c r="E25" s="1"><f t="shared" ca="1" si="1"/><v>1480762</v></c><c r="F25" s="1"><f t="shared" ca="1" si="1"/><v>3726358</v></c><c r="G25" s="1"><f t="shared" ca="1" si="1"/><v>7602995</v></c><c r="H25" s="1"><f t="shared" ca="1" si="1"/><v>7825194</v></c><c r="I25" s="1"><f t="shared" ca="1" si="1"/><v>4258538</v></c><c r="J25" s="1"><f t="shared" ca="1" si="1"/><v>2180582</v></c><c r="K25" s="1"><f t="shared" ca="1" si="1"/><v>8208796</v></c><c r="L25" s="1"><f t="shared" ca="1" si="1"/><v>8253371</v></c><c r="M25" s="1"><f t="shared" ca="1" si="1"/><v>4046120</v></c><c r="N25" s="1"><f t="shared" ca="1" si="1"/><v>1421456</v></c></row><row r="26" spans="2:14" x14ac:dyDescent="0.25"><c r="B26" s="3"><f t="shared" si="2"/><v>2000</v></c><c r="C26" s="1"><f t="shared" ca="1" si="1"/><v>1229033</v></c><c r="D26" s="1"><f t="shared" ca="1" si="1"/><v>3058963</v></c><c r="E26" s="1"><f t="shared" ca="1" si="1"/><v>3799192</v></c><c r="F26" s="1"><f t="shared" ca="1" si="1"/><v>4827053</v></c><c r="G26" s="1"><f t="shared" ca="1" si="1"/><v>3800063</v></c><c r="H26" s="1"><f t="shared" ca="1" si="1"/><v>9992187</v></c><c r="I26" s="1"><f t="shared" ca="1" si="1"/><v>4021027</v></c><c r="J26" s="1"><f t="shared" ca="1" si="1"/><v>7682026</v></c><c r="K26" s="1"><f t="shared" ca="1" si="1"/><v>7857256</v></c><c r="L26" s="1"><f t="shared" ca="1" si="1"/><v>2903314</v></c><c r="M26" s="1"><f t="shared" ca="1" si="1"/><v>1723398</v></c><c r="N26" s="1"><f t="shared" ca="1" si="1"/><v>1798595</v></c></row><row r="27" spans="2:14" x14ac:dyDescent="0.25"><c r="B27" s="3"><f t="shared" si="2"/><v>1999</v></c><c r="C27" s="1"><f t="shared" ca="1" si="1"/><v>2229670</v></c><c r="D27" s="1"><f t="shared" ca="1" si="1"/><v>8360718</v></c><c r="E27" s="1"><f t="shared" ca="1" si="1"/><v>3270176</v></c><c r="F27" s="1"><f t="shared" ca="1" si="1"/><v>4319287</v></c><c r="G27" s="1"><f t="shared" ca="1" si="1"/><v>4139287</v></c><c r="H27" s="1"><f t="shared" ca="1" si="1"/><v>5890260</v></c><c r="I27" s="1"><f t="shared" ca="1" si="1"/><v>4370717</v></c><c r="J27" s="1"><f t="shared" ca="1" si="1"/><v>7797323</v></c><c r="K27" s="1"><f t="shared" ca="1" si="1"/><v>7491296</v></c><c r="L27" s="1"><f t="shared" ca="1" si="1"/><v>7096531</v></c><c r="M27" s="1"><f t="shared" ca="1" si="1"/><v>8154392</v></c><c r="N27" s="1"><f t="shared" ca="1" si="1"/><v>1315333</v></c></row><row r="28" spans="2:14" x14ac:dyDescent="0.25"><c r="B28" s="3"><f t="shared" si="2"/><v>1998</v></c><c r="C28" s="1"><f t="shared" ca="1" si="1"/><v>7282817</v></c><c r="D28" s="1"><f t="shared" ca="1" si="1"/><v>5125344</v></c><c r="E28" s="1"><f t="shared" ca="1" si="1"/><v>4198012</v></c><c r="F28" s="1"><f t="shared" ca="1" si="1"/><v>7388045</v></c><c r="G28" s="1"><f t="shared" ca="1" si="1"/><v>7426930</v></c><c r="H28" s="1"><f t="shared" ca="1" si="1"/><v>3153160</v></c><c r="I28" s="1"><f t="shared" ca="1" si="1"/><v>9114163</v></c><c r="J28" s="1"><f t="shared" ca="1" si="1"/><v>6066835</v></c><c r="K28" s="1"><f t="shared" ca="1" si="1"/><v>2169228</v></c><c r="L28" s="1"><f t="shared" ca="1" si="1"/><v>8409055</v></c><c r="M28" s="1"><f t="shared" ca="1" si="1"/><v>7794230</v></c><c r="N28" s="1"><f t="shared" ca="1" si="1"/><v>2680043</v></c></row><row r="29" spans="2:14" x14ac:dyDescent="0.25"><c r="B29" s="3"><f t="shared" si="2"/><v>1997</v></c><c r="C29" s="1"><f t="shared" ca="1" si="1"/><v>8679860</v></c><c r="D29" s="1"><f t="shared" ca="1" si="1"/><v>4396461</v></c><c r="E29" s="1"><f t="shared" ca="1" si="1"/><v>6626789</v></c><c r="F29" s="1"><f t="shared" ca="1" si="1"/><v>2007574</v></c><c r="G29" s="1"><f t="shared" ca="1" si="1"/><v>9419846</v></c><c r="H29" s="1"><f t="shared" ca="1" si="1"/><v>6160166</v></c><c r="I29" s="1"><f t="shared" ca="1" si="1"/><v>9297707</v></c><c r="J29" s="1"><f t="shared" ca="1" si="1"/><v>4053842</v></c><c r="K29" s="1"><f t="shared" ca="1" si="1"/><v>8676752</v></c><c r="L29" s="1"><f t="shared" ca="1" si="1"/><v>8060980</v></c><c r="M29" s="1"><f t="shared" ca="1" si="1"/><v>9258299</v></c><c r="N29" s="1"><f t="shared" ca="1" si="1"/><v>3633403</v></c></row><row r="30" spans="2:14" x14ac:dyDescent="0.25"><c r="B30" s="3"><f t="shared" si="2"/><v>1996</v></c><c r="C30" s="1"><f t="shared" ca="1" si="1"/><v>8512908</v></c><c r="D30" s="1"><f t="shared" ca="1" si="1"/><v>8621571</v></c><c r="E30" s="1"><f t="shared" ca="1" si="1"/><v>6697531</v></c><c r="F30" s="1"><f t="shared" ca="1" si="1"/><v>7111883</v></c><c r="G30" s="1"><f t="shared" ca="1" si="1"/><v>3403999</v></c><c r="H30" s="1"><f t="shared" ca="1" si="1"/><v>2173352</v></c><c r="I30" s="1"><f t="shared" ca="1" si="1"/><v>3221884</v></c><c r="J30" s="1"><f t="shared" ca="1" si="1"/><v>9452209</v></c><c r="K30" s="1"><f t="shared" ca="1" si="1"/><v>3343596</v></c><c r="L30" s="1"><f t="shared" ca="1" si="1"/><v>5961984</v></c><c r="M30" s="1"><f t="shared" ca="1" si="1"/><v>9604748</v></c><c r="N30" s="1"><f t="shared" ca="1" si="1"/><v>9801790</v></c></row><row r="31" spans="2:14" x14ac:dyDescent="0.25"><c r="B31" s="3"><f t="shared" si="2"/><v>1995</v></c><c r="C31" s="1"><f t="shared" ca="1" si="1"/><v>9597553</v></c><c r="D31" s="1"><f t="shared" ca="1" si="1"/><v>4882633</v></c><c r="E31" s="1"><f t="shared" ca="1" si="1"/><v>6931874</v></c><c r="F31" s="1"><f t="shared" ca="1" si="1"/><v>2554807</v></c><c r="G31" s="1"><f t="shared" ca="1" si="1"/><v>8189571</v></c><c r="H31" s="1"><f t="shared" ca="1" si="1"/><v>3565911</v></c><c r="I31" s="1"><f t="shared" ca="1" si="1"/><v>6208475</v></c><c r="J31" s="1"><f t="shared" ca="1" si="1"/><v>4063513</v></c><c r="K31" s="1"><f t="shared" ca="1" si="1"/><v>3469227</v></c><c r="L31" s="1"><f t="shared" ca="1" si="1"/><v>6778468</v></c><c r="M31" s="1"><f t="shared" ca="1" si="1"/><v>6415908</v></c><c r="N31" s="1"><f t="shared" ca="1" si="1"/><v>4900577</v></c></row><row r="32" spans="2:14" x14ac:dyDescent="0.25"><c r="B32" s="3"><f t="shared" si="2"/><v>1994</v></c><c r="C32" s="1"><f t="shared" ca="1" si="1"/><v>7069333</v></c><c r="D32" s="1"><f t="shared" ca="1" si="1"/><v>3444402</v></c><c r="E32" s="1"><f t="shared" ca="1" si="1"/><v>3886841</v></c><c r="F32" s="1"><f t="shared" ca="1" si="1"/><v>6115458</v></c><c r="G32" s="1"><f t="shared" ca="1" si="1"/><v>6059664</v></c><c r="H32" s="1"><f t="shared" ref="D32:N42" ca="1" si="3">RANDBETWEEN(1000000,10000000)</f><v>7003372</v></c><c r="I32" s="1"><f t="shared" ca="1" si="3"/><v>3552600</v></c><c r="J32" s="1"><f t="shared" ca="1" si="3"/><v>1188386</v></c><c r="K32" s="1"><f t="shared" ca="1" si="3"/><v>7471323</v></c><c r="L32" s="1"><f t="shared" ca="1" si="3"/><v>2698200</v></c><c r="M32" s="1"><f t="shared" ca="1" si="3"/><v>1085912</v></c><c r="N32" s="1"><f t="shared" ca="1" si="3"/><v>7909574</v></c></row><row r="33" spans="2:14" x14ac:dyDescent="0.25"><c r="B33" s="3"><f t="shared" si="2"/><v>1993</v></c><c r="C33" s="1"><f t="shared" ca="1" si="1"/><v>2558304</v></c><c r="D33" s="1"><f t="shared" ca="1" si="3"/><v>8758714</v></c><c r="E33" s="1"><f t="shared" ca="1" si="3"/><v>5258049</v></c><c r="F33" s="1"><f t="shared" ca="1" si="3"/><v>1224767</v></c><c r="G33" s="1"><f t="shared" ca="1" si="3"/><v>3430104</v></c><c r="H33" s="1"><f t="shared" ca="1" si="3"/><v>2176200</v></c><c r="I33" s="1"><f t="shared" ca="1" si="3"/><v>4767889</v></c><c r="J33" s="1"><f t="shared" ca="1" si="3"/><v>8751848</v></c><c r="K33" s="1"><f t="shared" ca="1" si="3"/><v>4743787</v></c><c r="L33" s="1"><f t="shared" ca="1" si="3"/><v>7067021</v></c><c r="M33" s="1"><f t="shared" ca="1" si="3"/><v>1653001</v></c><c r="N33" s="1"><f t="shared" ca="1" si="3"/><v>5547653</v></c></row><row r="34" spans="2:14" x14ac:dyDescent="0.25"><c r="B34" s="3"><f t="shared" si="2"/><v>1992</v></c><c r="C34" s="1"><f t="shared" ca="1" si="1"/><v>5837861</v></c><c r="D34" s="1"><f t="shared" ca="1" si="3"/><v>6048108</v></c><c r="E34" s="1"><f t="shared" ca="1" si="3"/><v>7080669</v></c><c r="F34" s="1"><f t="shared" ca="1" si="3"/><v>6022456</v></c><c r="G34" s="1"><f t="shared" ca="1" si="3"/><v>7145737</v></c><c r="H34" s="1"><f t="shared" ca="1" si="3"/><v>3456830</v></c><c r="I34" s="1"><f t="shared" ca="1" si="3"/><v>5315565</v></c><c r="J34" s="1"><f t="shared" ca="1" si="3"/><v>2819853</v></c><c r="K34" s="1"><f t="shared" ca="1" si="3"/><v>2582191</v></c><c r="L34" s="1"><f t="shared" ca="1" si="3"/><v>3387257</v></c><c r="M34" s="1"><f t="shared" ca="1" si="3"/><v>4616139</v></c><c r="N34" s="1"><f t="shared" ca="1" si="3"/><v>2132736</v></c></row><row r="35" spans="2:14" x14ac:dyDescent="0.25"><c r="B35" s="3"><f t="shared" si="2"/><v>1991</v></c><c r="C35" s="1"><f t="shared" ca="1" si="1"/><v>4841845</v></c><c r="D35" s="1"><f t="shared" ca="1" si="3"/><v>2212082</v></c><c r="E35" s="1"><f t="shared" ca="1" si="3"/><v>9506867</v></c><c r="F35" s="1"><f t="shared" ca="1" si="3"/><v>5403059</v></c><c r="G35" s="1"><f t="shared" ca="1" si="3"/><v>3166835</v></c><c r="H35" s="1"><f t="shared" ca="1" si="3"/><v>2392131</v></c><c r="I35" s="1"><f t="shared" ca="1" si="3"/><v>9380846</v></c><c r="J35" s="1"><f t="shared" ca="1" si="3"/><v>4774887</v></c><c r="K35" s="1"><f t="shared" ca="1" si="3"/><v>2781512</v></c><c r="L35" s="1"><f t="shared" ca="1" si="3"/><v>3619298</v></c><c r="M35" s="1"><f t="shared" ca="1" si="3"/><v>2681465</v></c><c r="N35" s="1"><f t="shared" ca="1" si="3"/><v>3654134</v></c></row><row r="36" spans="2:14" x14ac:dyDescent="0.25"><c r="B36" s="3"><f t="shared" si="2"/><v>1990</v></c><c r="C36" s="1"><f t="shared" ca="1" si="1"/><v>7497426</v></c><c r="D36" s="1"><f t="shared" ca="1" si="3"/><v>7652135</v></c><c r="E36" s="1"><f t="shared" ca="1" si="3"/><v>9397864</v></c><c r="F36" s="1"><f t="shared" ca="1" si="3"/><v>1064932</v></c><c r="G36" s="1"><f t="shared" ca="1" si="3"/><v>5037165</v></c><c r="H36" s="1"><f t="shared" ca="1" si="3"/><v>8620078</v></c><c r="I36" s="1"><f t="shared" ca="1" si="3"/><v>7222388</v></c><c r="J36" s="1"><f t="shared" ca="1" si="3"/><v>3102556</v></c><c r="K36" s="1"><f t="shared" ca="1" si="3"/><v>6702427</v></c><c r="L36" s="1"><f t="shared" ca="1" si="3"/><v>5591762</v></c><c r="M36" s="1"><f t="shared" ca="1" si="3"/><v>5677267</v></c><c r="N36" s="1"><f t="shared" ca="1" si="3"/><v>4414679</v></c></row><row r="37" spans="2:14" x14ac:dyDescent="0.25"><c r="B37" s="3"><f t="shared" si="2"/><v>1989</v></c><c r="C37" s="1"><f t="shared" ca="1" si="1"/><v>4740388</v></c><c r="D37" s="1"><f t="shared" ca="1" si="3"/><v>9819179</v></c><c r="E37" s="1"><f t="shared" ca="1" si="3"/><v>5252662</v></c><c r="F37" s="1"><f t="shared" ca="1" si="3"/><v>7671122</v></c><c r="G37" s="1"><f t="shared" ca="1" si="3"/><v>3309319</v></c><c r="H37" s="1"><f t="shared" ca="1" si="3"/><v>1578357</v></c><c r="I37" s="1"><f t="shared" ca="1" si="3"/><v>9604199</v></c><c r="J37" s="1"><f t="shared" ca="1" si="3"/><v>8066928</v></c><c r="K37" s="1"><f t="shared" ca="1" si="3"/><v>2338286</v></c><c r="L37" s="1"><f t="shared" ca="1" si="3"/><v>7654625</v></c><c r="M37" s="1"><f t="shared" ca="1" si="3"/><v>8862519</v></c><c r="N37" s="1"><f t="shared" ca="1" si="3"/><v>2093212</v></c></row><row r="38" spans="2:14" x14ac:dyDescent="0.25"><c r="B38" s="3"><f t="shared" si="2"/><v>1988</v></c><c r="C38" s="1"><f t="shared" ca="1" si="1"/><v>5992787</v></c><c r="D38" s="1"><f t="shared" ca="1" si="3"/><v>3831115</v></c><c r="E38" s="1"><f t="shared" ca="1" si="3"/><v>7865200</v></c><c r="F38" s="1"><f t="shared" ca="1" si="3"/><v>2289012</v></c><c r="G38" s="1"><f t="shared" ca="1" si="3"/><v>8401596</v></c><c r="H38" s="1"><f t="shared" ca="1" si="3"/><v>5251291</v></c><c r="I38" s="1"><f t="shared" ca="1" si="3"/><v>8671835</v></c><c r="J38" s="1"><f t="shared" ca="1" si="3"/><v>3647576</v></c><c r="K38" s="1"><f t="shared" ca="1" si="3"/><v>3345016</v></c><c r="L38" s="1"><f t="shared" ca="1" si="3"/><v>4425031</v></c><c r="M38" s="1"><f t="shared" ca="1" si="3"/><v>5334622</v></c><c r="N38" s="1"><f t="shared" ca="1" si="3"/><v>1929531</v></c></row><row r="39" spans="2:14" x14ac:dyDescent="0.25"><c r="B39" s="3"><f t="shared" si="2"/><v>1987</v></c><c r="C39" s="1"><f t="shared" ca="1" si="1"/><v>1768192</v></c><c r="D39" s="1"><f t="shared" ca="1" si="3"/><v>9234862</v></c><c r="E39" s="1"><f t="shared" ca="1" si="3"/><v>2614909</v></c><c r="F39" s="1"><f t="shared" ca="1" si="3"/><v>1949590</v></c><c r="G39" s="1"><f t="shared" ca="1" si="3"/><v>7141856</v></c><c r="H39" s="1"><f t="shared" ca="1" si="3"/><v>4454774</v></c><c r="I39" s="1"><f t="shared" ca="1" si="3"/><v>9729311</v></c><c r="J39" s="1"><f t="shared" ca="1" si="3"/><v>4380005</v></c><c r="K39" s="1"><f t="shared" ca="1" si="3"/><v>8584061</v></c><c r="L39" s="1"><f t="shared" ca="1" si="3"/><v>6340535</v></c><c r="M39" s="1"><f t="shared" ca="1" si="3"/><v>9372170</v></c><c r="N39" s="1"><f t="shared" ca="1" si="3"/><v>2573952</v></c></row><row r="40" spans="2:14" x14ac:dyDescent="0.25"><c r="B40" s="3"><f t="shared" si="2"/><v>1986</v></c><c r="C40" s="1"><f t="shared" ca="1" si="1"/><v>9905947</v></c><c r="D40" s="1"><f t="shared" ca="1" si="3"/><v>4719262</v></c><c r="E40" s="1"><f t="shared" ca="1" si="3"/><v>8177773</v></c><c r="F40" s="1"><f t="shared" ca="1" si="3"/><v>7000146</v></c><c r="G40" s="1"><f t="shared" ca="1" si="3"/><v>2691348</v></c><c r="H40" s="1"><f t="shared" ca="1" si="3"/><v>9859733</v></c><c r="I40" s="1"><f t="shared" ca="1" si="3"/><v>7247802</v></c><c r="J40" s="1"><f t="shared" ca="1" si="3"/><v>7841198</v></c><c r="K40" s="1"><f t="shared" ca="1" si="3"/><v>2799991</v></c><c r="L40" s="1"><f t="shared" ca="1" si="3"/><v>7641032</v></c><c r="M40" s="1"><f t="shared" ca="1" si="3"/><v>8322124</v></c><c r="N40" s="1"><f t="shared" ca="1" si="3"/><v>6414288</v></c></row><row r="41" spans="2:14" x14ac:dyDescent="0.25"><c r="B41" s="3"><f t="shared" si="2"/><v>1985</v></c><c r="C41" s="1"><f t="shared" ca="1" si="1"/><v>9725321</v></c><c r="D41" s="1"><f t="shared" ca="1" si="3"/><v>5344593</v></c><c r="E41" s="1"><f t="shared" ca="1" si="3"/><v>2351559</v></c><c r="F41" s="1"><f t="shared" ca="1" si="3"/><v>8607354</v></c><c r="G41" s="1"><f t="shared" ca="1" si="3"/><v>9901560</v></c><c r="H41" s="1"><f t="shared" ca="1" si="3"/><v>7963503</v></c><c r="I41" s="1"><f t="shared" ca="1" si="3"/><v>1949914</v></c><c r="J41" s="1"><f t="shared" ca="1" si="3"/><v>5253750</v></c><c r="K41" s="1"><f t="shared" ca="1" si="3"/><v>7551031</v></c><c r="L41" s="1"><f t="shared" ca="1" si="3"/><v>6121385</v></c><c r="M41" s="1"><f t="shared" ca="1" si="3"/><v>8296600</v></c><c r="N41" s="1"><f t="shared" ca="1" si="3"/><v>2629974</v></c></row><row r="42" spans="2:14" x14ac:dyDescent="0.25"><c r="B42" s="3"><f t="shared" si="2"/><v>1984</v></c><c r="C42" s="1"><f t="shared" ca="1" si="1"/><v>5504456</v></c><c r="D42" s="1"><f t="shared" ca="1" si="3"/><v>8463491</v></c><c r="E42" s="1"><f t="shared" ca="1" si="3"/><v>2062565</v></c><c r="F42" s="1"><f t="shared" ca="1" si="3"/><v>3546728</v></c><c r="G42" s="1"><f t="shared" ca="1" si="3"/><v>6067949</v></c><c r="H42" s="1"><f t="shared" ca="1" si="3"/><v>3823661</v></c><c r="I42" s="1"><f t="shared" ca="1" si="3"/><v>3249683</v></c><c r="J42" s="1"><f t="shared" ca="1" si="3"/><v>5901164</v></c><c r="K42" s="1"><f t="shared" ca="1" si="3"/><v>1951856</v></c><c r="L42" s="1"><f t="shared" ca="1" si="3"/><v>3197508</v></c><c r="M42" s="1"><f t="shared" ca="1" si="3"/><v>4332503</v></c><c r="N42" s="1"><f t="shared" ca="1" si="3"/><v>4715542</v></c></row></sheetData><mergeCells count="4"><mergeCell ref="B2:F2"/><mergeCell ref="B4:F4"/><mergeCell ref="B6:F6"/><mergeCell ref="B8:F8"/></mergeCells><pageMargins left="0.7" right="0.7" top="0.75" bottom="0.75" header="0.3" footer="0.3"/><pageSetup paperSize="9" orientation="portrait" r:id="rId1"/></worksheet>